﻿<?xml version="1.0" encoding="utf-8"?>
<!--DO NOT EDIT. This document is generated by PSoC Creator design builds.-->
<PSoCCreatorIdeExport Version="1">
  <Device Part="CY8C4247AZS-M485" Processor="CortexM0" DeviceID="11E611A1" />
  <Toolchains>
    <Toolchain Name="ARM GCC Generic" Selected="True">
      <Tool Name="prebuild" Command="" Options="" />
      <Tool Name="assembler" Command="arm-none-eabi-as.exe" Options="-mcpu=cortex-m0 -mthumb -I. -IGenerated_Source\PSoC4 -alh=${OutputDir}/${CompileFile}.lst -g -W" />
      <Tool Name="compiler" Command="arm-none-eabi-gcc.exe" Options="-mcpu=cortex-m0 -mthumb -I. -IGenerated_Source\PSoC4 -Wa,-alh=${OutputDir}/${CompileFile}.lst -g -D DEBUG -D CY_CORE_ID=0 -Wall -ffunction-sections -ffat-lto-objects -Og" />
      <Tool Name="linker" Command="arm-none-eabi-gcc.exe" Options="-mcpu=cortex-m0 -mthumb -L Generated_Source\PSoC4 -Wl,-Map,${OutputDir}/${ProjectShortName}.map -T Generated_Source\PSoC4\cm0gcc.ld -specs=nano.specs -Wl,--gc-sections -g -ffunction-sections -Og -ffat-lto-objects" />
      <Tool Name="postbuild" Command="" Options="" />
    </Toolchain>
    <Toolchain Name="ARM MDK Generic" Selected="False">
      <Tool Name="prebuild" Command="" Options="" />
      <Tool Name="assembler" Command="armasm.exe" Options="--cpu=Cortex-M0 --diag_style=gnu --thumb -i. -iGenerated_Source\PSoC4 -g --list=${OutputDir}/${CompileFile}.lst &quot;--predefine=__MICROLIB SETA 1&quot;" />
      <Tool Name="compiler" Command="armcc.exe" Options="--cpu=Cortex-M0 --C99 --diag_style=gnu -I. -IGenerated_Source\PSoC4 --list --signed_chars -g -D DEBUG -D CY_CORE_ID=0 -O0 --split_sections -D__MICROLIB" />
      <Tool Name="linker" Command="armlink.exe" Options="--cpu=Cortex-M0 --diag_style=gnu --no_startup --library_type=microlib --map --list ${OutputDir}/${ProjectShortName}.map --scatter Generated_Source\PSoC4\Cm0RealView.scat" />
      <Tool Name="postbuild" Command="" Options="" />
    </Toolchain>
    <Toolchain Name="ARM IAR Generic" Selected="False">
      <Tool Name="prebuild" Command="" Options="" />
      <Tool Name="assembler" Command="iasmarm.exe" Options="--cpu Cortex-M0 -I. -IGenerated_Source\PSoC4 -s+ -M&lt;&gt; -w+ -r -DDEBUG --fpu None" />
      <Tool Name="compiler" Command="iccarm.exe" Options="--cpu Cortex-M0 -I. -IGenerated_Source\PSoC4 -D DEBUG -D CY_CORE_ID=0 -I. -IGenerated_Source\PSoC4 -D DEBUG -D CY_CORE_ID=0 --no_cse --no_unroll --no_inline --no_code_motion --no_tbaa --no_clustering --no_scheduling --debug --endian=little -e --fpu=None -On --no_wrap_diagnostics" />
      <Tool Name="linker" Command="ilinkarm.exe" Options="--semihosting --entry __iar_program_start --config Generated_Source\PSoC4\Cm0Iar.icf" />
      <Tool Name="postbuild" Command="" Options="" />
    </Toolchain>
  </Toolchains>
  <Project Name="PSoC CapSense_HexTouch" Path="C:\Users\Prajwal Trachealth\Documents\PSoC Creator\E-Lagori PSoC 11th April 2023\PSoC CapSense_HexTouch.cydsn" Version="6.10" Type="Normal">
    <CMSIS_SVD_File>PSoC CapSense_HexTouch.svd</CMSIS_SVD_File>
    <Datasheet />
    <LinkerFiles>
      <LinkerFile Toolchain="ARM GCC Generic">.\Generated_Source\PSoC4\cm0gcc.ld</LinkerFile>
      <LinkerFile Toolchain="ARM MDK Generic">.\Generated_Source\PSoC4\Cm0RealView.scat</LinkerFile>
      <LinkerFile Toolchain="ARM IAR Generic">.\Generated_Source\PSoC4\Cm0Iar.icf</LinkerFile>
    </LinkerFiles>
    <Folders>
      <Folder BuildType="STRICT" Path="C:\Users\Prajwal Trachealth\Documents\PSoC Creator\E-Lagori PSoC 11th April 2023\PSoC CapSense_HexTouch.cydsn">
        <Files Root="C:\Users\Prajwal Trachealth\Documents\PSoC Creator\E-Lagori PSoC 11th April 2023\PSoC CapSense_HexTouch.cydsn">
          <File BuildType="BUILD" Toolchain="">main.c</File>
          <File BuildType="BUILD" Toolchain="">cyapicallbacks.h</File>
          <File BuildType="BUILD" Toolchain="">PSoC.h</File>
        </Files>
      </Folder>
      <Folder BuildType="STRICT" Path="C:\Users\Prajwal Trachealth\Documents\PSoC Creator\E-Lagori PSoC 11th April 2023\PSoC CapSense_HexTouch.cydsn\Generated_Source\PSoC4">
        <Files Root="C:\Users\Prajwal Trachealth\Documents\PSoC Creator\E-Lagori PSoC 11th April 2023\PSoC CapSense_HexTouch.cydsn">
          <File BuildType="BUILD" Toolchain="">Generated_Source\PSoC4\cyfitter_cfg.h</File>
          <File BuildType="BUILD" Toolchain="">Generated_Source\PSoC4\cyfitter_cfg.c</File>
          <File BuildType="BUILD" Toolchain="">Generated_Source\PSoC4\cymetadata.c</File>
          <File BuildType="BUILD" Toolchain="">Generated_Source\PSoC4\cydevice_trm.h</File>
          <File BuildType="BUILD" Toolchain="">Generated_Source\PSoC4\cydevicegnu_trm.inc</File>
          <File BuildType="BUILD" Toolchain="">Generated_Source\PSoC4\cydevicerv_trm.inc</File>
          <File BuildType="BUILD" Toolchain="">Generated_Source\PSoC4\cydeviceiar_trm.inc</File>
          <File BuildType="BUILD" Toolchain="">Generated_Source\PSoC4\cyfittergnu.inc</File>
          <File BuildType="BUILD" Toolchain="">Generated_Source\PSoC4\cyfitterrv.inc</File>
          <File BuildType="BUILD" Toolchain="">Generated_Source\PSoC4\cyfitteriar.inc</File>
          <File BuildType="BUILD" Toolchain="">Generated_Source\PSoC4\cyfitter.h</File>
          <File BuildType="BUILD" Toolchain="">Generated_Source\PSoC4\cydisabledsheets.h</File>
          <File BuildType="BUILD" Toolchain="ARM GCC Generic">Generated_Source\PSoC4\cm0gcc.ld</File>
          <File BuildType="BUILD" Toolchain="ARM MDK Generic">Generated_Source\PSoC4\Cm0RealView.scat</File>
          <File BuildType="BUILD" Toolchain="">Generated_Source\PSoC4\Cm0Start.c</File>
          <File BuildType="BUILD" Toolchain="">Generated_Source\PSoC4\core_cm0.h</File>
          <File BuildType="BUILD" Toolchain="">Generated_Source\PSoC4\core_cm0_psoc4.h</File>
          <File BuildType="BUILD" Toolchain="ARM MDK Generic">Generated_Source\PSoC4\CyBootAsmRv.s</File>
          <File BuildType="BUILD" Toolchain="">Generated_Source\PSoC4\CyFlash.c</File>
          <File BuildType="BUILD" Toolchain="">Generated_Source\PSoC4\CyFlash.h</File>
          <File BuildType="BUILD" Toolchain="">Generated_Source\PSoC4\CyLib.c</File>
          <File BuildType="BUILD" Toolchain="">Generated_Source\PSoC4\CyLib.h</File>
          <File BuildType="BUILD" Toolchain="">Generated_Source\PSoC4\cyPm.c</File>
          <File BuildType="BUILD" Toolchain="">Generated_Source\PSoC4\cyPm.h</File>
          <File BuildType="BUILD" Toolchain="">Generated_Source\PSoC4\cytypes.h</File>
          <File BuildType="BUILD" Toolchain="">Generated_Source\PSoC4\cyutils.c</File>
          <File BuildType="BUILD" Toolchain="">Generated_Source\PSoC4\cypins.h</File>
          <File BuildType="BUILD" Toolchain="">Generated_Source\PSoC4\core_cmFunc.h</File>
          <File BuildType="BUILD" Toolchain="">Generated_Source\PSoC4\core_cmInstr.h</File>
          <File BuildType="BUILD" Toolchain="ARM IAR Generic">Generated_Source\PSoC4\Cm0Iar.icf</File>
          <File BuildType="BUILD" Toolchain="ARM IAR Generic">Generated_Source\PSoC4\CyBootAsmIar.s</File>
          <File BuildType="BUILD" Toolchain="">Generated_Source\PSoC4\cmsis_armcc.h</File>
          <File BuildType="BUILD" Toolchain="">Generated_Source\PSoC4\cmsis_gcc.h</File>
          <File BuildType="BUILD" Toolchain="">Generated_Source\PSoC4\cmsis_compiler.h</File>
          <File BuildType="BUILD" Toolchain="ARM GCC Generic">Generated_Source\PSoC4\CyBootAsmGnu.s</File>
          <File BuildType="BUILD" Toolchain="">Generated_Source\PSoC4\CyDMA.h</File>
          <File BuildType="BUILD" Toolchain="">Generated_Source\PSoC4\CyDMA.c</File>
          <File BuildType="BUILD" Toolchain="">Generated_Source\PSoC4\CyLFClk.c</File>
          <File BuildType="BUILD" Toolchain="">Generated_Source\PSoC4\CyLFClk.h</File>
          <File BuildType="BUILD" Toolchain="">Generated_Source\PSoC4\cy_em_eeprom.c</File>
          <File BuildType="BUILD" Toolchain="">Generated_Source\PSoC4\cy_em_eeprom.h</File>
          <File BuildType="BUILD" Toolchain="">Generated_Source\PSoC4\project.h</File>
          <File BuildType="BUILD" Toolchain="">Generated_Source\PSoC4\cycodeshareimport.ld</File>
          <File BuildType="BUILD" Toolchain="">Generated_Source\PSoC4\cycodeshareexport.ld</File>
          <File BuildType="BUILD" Toolchain="">Generated_Source\PSoC4\cycodeshareimport.scat</File>
          <File BuildType="BUILD" Toolchain="">Generated_Source\PSoC4\S3.c</File>
          <File BuildType="BUILD" Toolchain="">Generated_Source\PSoC4\S3.h</File>
          <File BuildType="BUILD" Toolchain="">Generated_Source\PSoC4\S3_aliases.h</File>
          <File BuildType="BUILD" Toolchain="">Generated_Source\PSoC4\S3_PM.c</File>
          <File BuildType="BUILD" Toolchain="">Generated_Source\PSoC4\S2.c</File>
          <File BuildType="BUILD" Toolchain="">Generated_Source\PSoC4\S2.h</File>
          <File BuildType="BUILD" Toolchain="">Generated_Source\PSoC4\S2_aliases.h</File>
          <File BuildType="BUILD" Toolchain="">Generated_Source\PSoC4\S2_PM.c</File>
          <File BuildType="BUILD" Toolchain="">Generated_Source\PSoC4\S1.c</File>
          <File BuildType="BUILD" Toolchain="">Generated_Source\PSoC4\S1.h</File>
          <File BuildType="BUILD" Toolchain="">Generated_Source\PSoC4\S1_aliases.h</File>
          <File BuildType="BUILD" Toolchain="">Generated_Source\PSoC4\S1_PM.c</File>
          <File BuildType="BUILD" Toolchain="">Generated_Source\PSoC4\S0.c</File>
          <File BuildType="BUILD" Toolchain="">Generated_Source\PSoC4\S0.h</File>
          <File BuildType="BUILD" Toolchain="">Generated_Source\PSoC4\S0_aliases.h</File>
          <File BuildType="BUILD" Toolchain="">Generated_Source\PSoC4\S0_PM.c</File>
          <File BuildType="BUILD" Toolchain="">Generated_Source\PSoC4\Pin_Red.c</File>
          <File BuildType="BUILD" Toolchain="">Generated_Source\PSoC4\Pin_Red.h</File>
          <File BuildType="BUILD" Toolchain="">Generated_Source\PSoC4\Pin_Red_aliases.h</File>
          <File BuildType="BUILD" Toolchain="">Generated_Source\PSoC4\Pin_Red_PM.c</File>
          <File BuildType="BUILD" Toolchain="">Generated_Source\PSoC4\Pin_Green.c</File>
          <File BuildType="BUILD" Toolchain="">Generated_Source\PSoC4\Pin_Green.h</File>
          <File BuildType="BUILD" Toolchain="">Generated_Source\PSoC4\Pin_Green_aliases.h</File>
          <File BuildType="BUILD" Toolchain="">Generated_Source\PSoC4\Pin_Green_PM.c</File>
          <File BuildType="BUILD" Toolchain="">Generated_Source\PSoC4\Pin_Blue.c</File>
          <File BuildType="BUILD" Toolchain="">Generated_Source\PSoC4\Pin_Blue.h</File>
          <File BuildType="BUILD" Toolchain="">Generated_Source\PSoC4\Pin_Blue_aliases.h</File>
          <File BuildType="BUILD" Toolchain="">Generated_Source\PSoC4\Pin_Blue_PM.c</File>
          <File BuildType="BUILD" Toolchain="">Generated_Source\PSoC4\SPIM.c</File>
          <File BuildType="BUILD" Toolchain="">Generated_Source\PSoC4\SPIM.h</File>
          <File BuildType="BUILD" Toolchain="">Generated_Source\PSoC4\SPIM_SPI_UART.h</File>
          <File BuildType="BUILD" Toolchain="">Generated_Source\PSoC4\SPIM_SPI_UART.c</File>
          <File BuildType="BUILD" Toolchain="">Generated_Source\PSoC4\SPIM_PM.c</File>
          <File BuildType="BUILD" Toolchain="">Generated_Source\PSoC4\SPIM_SPI.c</File>
          <File BuildType="BUILD" Toolchain="">Generated_Source\PSoC4\SPIM_BOOT.c</File>
          <File BuildType="BUILD" Toolchain="">Generated_Source\PSoC4\SPIM_SPI_BOOT.c</File>
          <File BuildType="BUILD" Toolchain="">Generated_Source\PSoC4\SPIM_PINS.h</File>
          <File BuildType="BUILD" Toolchain="">Generated_Source\PSoC4\SPIM_SPI_UART_PVT.h</File>
          <File BuildType="BUILD" Toolchain="">Generated_Source\PSoC4\SPIM_PVT.h</File>
          <File BuildType="BUILD" Toolchain="">Generated_Source\PSoC4\SPIM_BOOT.h</File>
          <File BuildType="BUILD" Toolchain="">Generated_Source\PSoC4\CTRL.c</File>
          <File BuildType="BUILD" Toolchain="">Generated_Source\PSoC4\CTRL.h</File>
          <File BuildType="BUILD" Toolchain="">Generated_Source\PSoC4\CTRL_aliases.h</File>
          <File BuildType="BUILD" Toolchain="">Generated_Source\PSoC4\CTRL_PM.c</File>
          <File BuildType="BUILD" Toolchain="">Generated_Source\PSoC4\UART.c</File>
          <File BuildType="BUILD" Toolchain="">Generated_Source\PSoC4\UART.h</File>
          <File BuildType="BUILD" Toolchain="">Generated_Source\PSoC4\UART_SPI_UART.h</File>
          <File BuildType="BUILD" Toolchain="">Generated_Source\PSoC4\UART_SPI_UART.c</File>
          <File BuildType="BUILD" Toolchain="">Generated_Source\PSoC4\UART_SPI_UART_INT.c</File>
          <File BuildType="BUILD" Toolchain="">Generated_Source\PSoC4\UART_PM.c</File>
          <File BuildType="BUILD" Toolchain="">Generated_Source\PSoC4\UART_UART.c</File>
          <File BuildType="BUILD" Toolchain="">Generated_Source\PSoC4\UART_BOOT.c</File>
          <File BuildType="BUILD" Toolchain="">Generated_Source\PSoC4\UART_UART_BOOT.c</File>
          <File BuildType="BUILD" Toolchain="">Generated_Source\PSoC4\UART_PINS.h</File>
          <File BuildType="BUILD" Toolchain="">Generated_Source\PSoC4\UART_SPI_UART_PVT.h</File>
          <File BuildType="BUILD" Toolchain="">Generated_Source\PSoC4\UART_PVT.h</File>
          <File BuildType="BUILD" Toolchain="">Generated_Source\PSoC4\UART_BOOT.h</File>
          <File BuildType="BUILD" Toolchain="">Generated_Source\PSoC4\SPI_Master.c</File>
          <File BuildType="BUILD" Toolchain="">Generated_Source\PSoC4\SPI_Master.h</File>
          <File BuildType="BUILD" Toolchain="">Generated_Source\PSoC4\SPI_Master_SPI_UART.h</File>
          <File BuildType="BUILD" Toolchain="">Generated_Source\PSoC4\SPI_Master_SPI_UART.c</File>
          <File BuildType="BUILD" Toolchain="">Generated_Source\PSoC4\SPI_Master_PM.c</File>
          <File BuildType="BUILD" Toolchain="">Generated_Source\PSoC4\SPI_Master_SPI.c</File>
          <File BuildType="BUILD" Toolchain="">Generated_Source\PSoC4\SPI_Master_BOOT.c</File>
          <File BuildType="BUILD" Toolchain="">Generated_Source\PSoC4\SPI_Master_SPI_BOOT.c</File>
          <File BuildType="BUILD" Toolchain="">Generated_Source\PSoC4\SPI_Master_PINS.h</File>
          <File BuildType="BUILD" Toolchain="">Generated_Source\PSoC4\SPI_Master_SPI_UART_PVT.h</File>
          <File BuildType="BUILD" Toolchain="">Generated_Source\PSoC4\SPI_Master_PVT.h</File>
          <File BuildType="BUILD" Toolchain="">Generated_Source\PSoC4\SPI_Master_BOOT.h</File>
          <File BuildType="BUILD" Toolchain="">Generated_Source\PSoC4\SPIM_SCBCLK.c</File>
          <File BuildType="BUILD" Toolchain="">Generated_Source\PSoC4\SPIM_SCBCLK.h</File>
          <File BuildType="BUILD" Toolchain="">Generated_Source\PSoC4\SPIM_sclk_m.c</File>
          <File BuildType="BUILD" Toolchain="">Generated_Source\PSoC4\SPIM_sclk_m.h</File>
          <File BuildType="BUILD" Toolchain="">Generated_Source\PSoC4\SPIM_sclk_m_aliases.h</File>
          <File BuildType="BUILD" Toolchain="">Generated_Source\PSoC4\SPIM_sclk_m_PM.c</File>
          <File BuildType="BUILD" Toolchain="">Generated_Source\PSoC4\SPIM_miso_m.c</File>
          <File BuildType="BUILD" Toolchain="">Generated_Source\PSoC4\SPIM_miso_m.h</File>
          <File BuildType="BUILD" Toolchain="">Generated_Source\PSoC4\SPIM_miso_m_aliases.h</File>
          <File BuildType="BUILD" Toolchain="">Generated_Source\PSoC4\SPIM_miso_m_PM.c</File>
          <File BuildType="BUILD" Toolchain="">Generated_Source\PSoC4\SPIM_mosi_m.c</File>
          <File BuildType="BUILD" Toolchain="">Generated_Source\PSoC4\SPIM_mosi_m.h</File>
          <File BuildType="BUILD" Toolchain="">Generated_Source\PSoC4\SPIM_mosi_m_aliases.h</File>
          <File BuildType="BUILD" Toolchain="">Generated_Source\PSoC4\SPIM_mosi_m_PM.c</File>
          <File BuildType="BUILD" Toolchain="">Generated_Source\PSoC4\UART_SCBCLK.c</File>
          <File BuildType="BUILD" Toolchain="">Generated_Source\PSoC4\UART_SCBCLK.h</File>
          <File BuildType="BUILD" Toolchain="">Generated_Source\PSoC4\UART_tx.c</File>
          <File BuildType="BUILD" Toolchain="">Generated_Source\PSoC4\UART_tx.h</File>
          <File BuildType="BUILD" Toolchain="">Generated_Source\PSoC4\UART_tx_aliases.h</File>
          <File BuildType="BUILD" Toolchain="">Generated_Source\PSoC4\UART_tx_PM.c</File>
          <File BuildType="BUILD" Toolchain="">Generated_Source\PSoC4\UART_rx.c</File>
          <File BuildType="BUILD" Toolchain="">Generated_Source\PSoC4\UART_rx.h</File>
          <File BuildType="BUILD" Toolchain="">Generated_Source\PSoC4\UART_rx_aliases.h</File>
          <File BuildType="BUILD" Toolchain="">Generated_Source\PSoC4\UART_rx_PM.c</File>
          <File BuildType="BUILD" Toolchain="">Generated_Source\PSoC4\SPI_Master_SCBCLK.c</File>
          <File BuildType="BUILD" Toolchain="">Generated_Source\PSoC4\SPI_Master_SCBCLK.h</File>
          <File BuildType="BUILD" Toolchain="">Generated_Source\PSoC4\SPI_Master_sclk_m.c</File>
          <File BuildType="BUILD" Toolchain="">Generated_Source\PSoC4\SPI_Master_sclk_m.h</File>
          <File BuildType="BUILD" Toolchain="">Generated_Source\PSoC4\SPI_Master_sclk_m_aliases.h</File>
          <File BuildType="BUILD" Toolchain="">Generated_Source\PSoC4\SPI_Master_sclk_m_PM.c</File>
          <File BuildType="BUILD" Toolchain="">Generated_Source\PSoC4\SPI_Master_miso_m.c</File>
          <File BuildType="BUILD" Toolchain="">Generated_Source\PSoC4\SPI_Master_miso_m.h</File>
          <File BuildType="BUILD" Toolchain="">Generated_Source\PSoC4\SPI_Master_miso_m_aliases.h</File>
          <File BuildType="BUILD" Toolchain="">Generated_Source\PSoC4\SPI_Master_miso_m_PM.c</File>
          <File BuildType="BUILD" Toolchain="">Generated_Source\PSoC4\SPI_Master_mosi_m.c</File>
          <File BuildType="BUILD" Toolchain="">Generated_Source\PSoC4\SPI_Master_mosi_m.h</File>
          <File BuildType="BUILD" Toolchain="">Generated_Source\PSoC4\SPI_Master_mosi_m_aliases.h</File>
          <File BuildType="BUILD" Toolchain="">Generated_Source\PSoC4\SPI_Master_mosi_m_PM.c</File>
          <File BuildType="BUILD" Toolchain="">Generated_Source\PSoC4\SPI_Master_ss0_m.c</File>
          <File BuildType="BUILD" Toolchain="">Generated_Source\PSoC4\SPI_Master_ss0_m.h</File>
          <File BuildType="BUILD" Toolchain="">Generated_Source\PSoC4\SPI_Master_ss0_m_aliases.h</File>
          <File BuildType="BUILD" Toolchain="">Generated_Source\PSoC4\SPI_Master_ss0_m_PM.c</File>
          <File BuildType="BUILD" Toolchain="">Generated_Source\PSoC4\Mux_CapSense.h</File>
          <File BuildType="BUILD" Toolchain="">Generated_Source\PSoC4\Mux_CapSense_Control.c</File>
          <File BuildType="BUILD" Toolchain="">Generated_Source\PSoC4\Mux_CapSense_Processing.c</File>
          <File BuildType="BUILD" Toolchain="">Generated_Source\PSoC4\Mux_CapSense_Structure.c</File>
          <File BuildType="BUILD" Toolchain="">Generated_Source\PSoC4\Mux_CapSense_Tuner.c</File>
          <File BuildType="BUILD" Toolchain="">Generated_Source\PSoC4\Mux_CapSense_Filter.c</File>
          <File BuildType="BUILD" Toolchain="">Generated_Source\PSoC4\Mux_CapSense_Sensing.c</File>
          <File BuildType="BUILD" Toolchain="">Generated_Source\PSoC4\Mux_CapSense_Control.h</File>
          <File BuildType="BUILD" Toolchain="">Generated_Source\PSoC4\Mux_CapSense_Filter.h</File>
          <File BuildType="BUILD" Toolchain="">Generated_Source\PSoC4\Mux_CapSense_Processing.h</File>
          <File BuildType="BUILD" Toolchain="">Generated_Source\PSoC4\Mux_CapSense_Sensing.h</File>
          <File BuildType="BUILD" Toolchain="">Generated_Source\PSoC4\Mux_CapSense_Structure.h</File>
          <File BuildType="BUILD" Toolchain="">Generated_Source\PSoC4\Mux_CapSense_Tuner.h</File>
          <File BuildType="BUILD" Toolchain="">Generated_Source\PSoC4\Mux_CapSense_Configuration.h</File>
          <File BuildType="BUILD" Toolchain="">Generated_Source\PSoC4\Mux_CapSense_INT.c</File>
          <File BuildType="BUILD" Toolchain="">Generated_Source\PSoC4\Mux_CapSense_SensingCSD_LL.c</File>
          <File BuildType="BUILD" Toolchain="">Generated_Source\PSoC4\Mux_CapSense_SensingCSD_LL.h</File>
          <File BuildType="BUILD" Toolchain="">Generated_Source\PSoC4\Mux_CapSense_RegisterMap.h</File>
          <File BuildType="BUILD" Toolchain="">Generated_Source\PSoC4\EZI2C.c</File>
          <File BuildType="BUILD" Toolchain="">Generated_Source\PSoC4\EZI2C.h</File>
          <File BuildType="BUILD" Toolchain="">Generated_Source\PSoC4\EZI2C_PM.c</File>
          <File BuildType="BUILD" Toolchain="">Generated_Source\PSoC4\EZI2C_BOOT.c</File>
          <File BuildType="BUILD" Toolchain="">Generated_Source\PSoC4\EZI2C_PINS.h</File>
          <File BuildType="BUILD" Toolchain="">Generated_Source\PSoC4\EZI2C_PVT.h</File>
          <File BuildType="BUILD" Toolchain="">Generated_Source\PSoC4\EZI2C_EZI2C.c</File>
          <File BuildType="BUILD" Toolchain="">Generated_Source\PSoC4\EZI2C_EZI2C_INT.c</File>
          <File BuildType="BUILD" Toolchain="">Generated_Source\PSoC4\EZI2C_EZI2C.h</File>
          <File BuildType="BUILD" Toolchain="">Generated_Source\PSoC4\EZI2C_EZI2C_PVT.h</File>
          <File BuildType="BUILD" Toolchain="">Generated_Source\PSoC4\EZI2C_EZI2C_BOOT.c</File>
          <File BuildType="BUILD" Toolchain="">Generated_Source\PSoC4\EZI2C_BOOT.h</File>
          <File BuildType="BUILD" Toolchain="">Generated_Source\PSoC4\Mux_CapSense_ISR.c</File>
          <File BuildType="BUILD" Toolchain="">Generated_Source\PSoC4\Mux_CapSense_ISR.h</File>
          <File BuildType="BUILD" Toolchain="">Generated_Source\PSoC4\EZI2C_SCBCLK.c</File>
          <File BuildType="BUILD" Toolchain="">Generated_Source\PSoC4\EZI2C_SCBCLK.h</File>
          <File BuildType="BUILD" Toolchain="">Generated_Source\PSoC4\EZI2C_sda.c</File>
          <File BuildType="BUILD" Toolchain="">Generated_Source\PSoC4\EZI2C_sda.h</File>
          <File BuildType="BUILD" Toolchain="">Generated_Source\PSoC4\EZI2C_sda_aliases.h</File>
          <File BuildType="BUILD" Toolchain="">Generated_Source\PSoC4\EZI2C_sda_PM.c</File>
          <File BuildType="BUILD" Toolchain="">Generated_Source\PSoC4\EZI2C_scl.c</File>
          <File BuildType="BUILD" Toolchain="">Generated_Source\PSoC4\EZI2C_scl.h</File>
          <File BuildType="BUILD" Toolchain="">Generated_Source\PSoC4\EZI2C_scl_aliases.h</File>
          <File BuildType="BUILD" Toolchain="">Generated_Source\PSoC4\EZI2C_scl_PM.c</File>
          <File BuildType="BUILD" Toolchain="">Generated_Source\PSoC4\EZI2C_SCB_IRQ.c</File>
          <File BuildType="BUILD" Toolchain="">Generated_Source\PSoC4\EZI2C_SCB_IRQ.h</File>
          <File BuildType="BUILD" Toolchain="">Generated_Source\PSoC4\Counter_micros.c</File>
          <File BuildType="BUILD" Toolchain="">Generated_Source\PSoC4\Counter_micros.h</File>
          <File BuildType="BUILD" Toolchain="">Generated_Source\PSoC4\Counter_micros_PM.c</File>
          <File BuildType="BUILD" Toolchain="">Generated_Source\PSoC4\Clock_micros.c</File>
          <File BuildType="BUILD" Toolchain="">Generated_Source\PSoC4\Clock_micros.h</File>
          <File BuildType="BUILD" Toolchain="ARM GCC Generic">Generated_Source\PSoC4\UART_AMOSI_AsmGnu.s</File>
          <File BuildType="BUILD" Toolchain="ARM MDK Generic">Generated_Source\PSoC4\UART_AMOSI_AsmRv.s</File>
          <File BuildType="BUILD" Toolchain="">Generated_Source\PSoC4\UART_AMOSI.c</File>
          <File BuildType="BUILD" Toolchain="">Generated_Source\PSoC4\UART_AMOSI.h</File>
          <File BuildType="BUILD" Toolchain="">Generated_Source\PSoC4\UART_AMOSI_PVT.h</File>
          <File BuildType="BUILD" Toolchain="ARM IAR Generic">Generated_Source\PSoC4\UART_AMOSI_AsmIar.s</File>
          <File BuildType="BUILD" Toolchain="">Generated_Source\PSoC4\isr_millis.c</File>
          <File BuildType="BUILD" Toolchain="">Generated_Source\PSoC4\isr_millis.h</File>
        </Files>
      </Folder>
      <Folder BuildType="STRICT" Path="C:\Users\Prajwal Trachealth\Documents\PSoC Creator\E-Lagori PSoC 11th April 2023\PSoC CapSense_HexTouch.cydsn\Export\ARM_GCC_Generic\CapSense_P4_v7_10">
        <Files Root="C:\Users\Prajwal Trachealth\Documents\PSoC Creator\E-Lagori PSoC 11th April 2023\PSoC CapSense_HexTouch.cydsn">
          <File BuildType="BUILD" Toolchain="ARM GCC Generic">.\Export\ARM_GCC_Generic\CapSense_P4_v7_10\Capsense_P4Library_GCC.a</File>
        </Files>
      </Folder>
      <Folder BuildType="STRICT" Path="C:\Users\Prajwal Trachealth\Documents\PSoC Creator\E-Lagori PSoC 11th April 2023\PSoC CapSense_HexTouch.cydsn\Export\ARM_MDK_Generic\CapSense_P4_v7_10">
        <Files Root="C:\Users\Prajwal Trachealth\Documents\PSoC Creator\E-Lagori PSoC 11th April 2023\PSoC CapSense_HexTouch.cydsn">
          <File BuildType="BUILD" Toolchain="ARM MDK Generic">.\Export\ARM_MDK_Generic\CapSense_P4_v7_10\Capsense_P4Library_MDK.a</File>
        </Files>
      </Folder>
      <Folder BuildType="STRICT" Path="C:\Users\Prajwal Trachealth\Documents\PSoC Creator\E-Lagori PSoC 11th April 2023\PSoC CapSense_HexTouch.cydsn\Export\ARM_IAR_Generic\CapSense_P4_v7_10">
        <Files Root="C:\Users\Prajwal Trachealth\Documents\PSoC Creator\E-Lagori PSoC 11th April 2023\PSoC CapSense_HexTouch.cydsn">
          <File BuildType="BUILD" Toolchain="ARM IAR Generic">.\Export\ARM_IAR_Generic\CapSense_P4_v7_10\Capsense_P4Library_IAR.a</File>
        </Files>
      </Folder>
      <Folder BuildType="EXCLUDE" Path=".\codegentemp">
        <Files Root="C:\Users\Prajwal Trachealth\Documents\PSoC Creator\E-Lagori PSoC 11th April 2023\PSoC CapSense_HexTouch.cydsn" />
      </Folder>
      <Folder BuildType="EXCLUDE" Path=".\ARM_GCC_441">
        <Files Root="C:\Users\Prajwal Trachealth\Documents\PSoC Creator\E-Lagori PSoC 11th April 2023\PSoC CapSense_HexTouch.cydsn" />
      </Folder>
      <Folder BuildType="EXCLUDE" Path=".\ARM_GCC_473">
        <Files Root="C:\Users\Prajwal Trachealth\Documents\PSoC Creator\E-Lagori PSoC 11th April 2023\PSoC CapSense_HexTouch.cydsn" />
      </Folder>
      <Folder BuildType="EXCLUDE" Path=".\DP8051_Keil_952">
        <Files Root="C:\Users\Prajwal Trachealth\Documents\PSoC Creator\E-Lagori PSoC 11th April 2023\PSoC CapSense_HexTouch.cydsn" />
      </Folder>
      <Folder BuildType="EXCLUDE" Path=".\DP8051">
        <Files Root="C:\Users\Prajwal Trachealth\Documents\PSoC Creator\E-Lagori PSoC 11th April 2023\PSoC CapSense_HexTouch.cydsn" />
      </Folder>
      <Folder BuildType="EXCLUDE" Path=".\CortexM0">
        <Files Root="C:\Users\Prajwal Trachealth\Documents\PSoC Creator\E-Lagori PSoC 11th April 2023\PSoC CapSense_HexTouch.cydsn" />
      </Folder>
      <Folder BuildType="EXCLUDE" Path=".\CortexM0p">
        <Files Root="C:\Users\Prajwal Trachealth\Documents\PSoC Creator\E-Lagori PSoC 11th April 2023\PSoC CapSense_HexTouch.cydsn" />
      </Folder>
      <Folder BuildType="EXCLUDE" Path=".\CortexM3">
        <Files Root="C:\Users\Prajwal Trachealth\Documents\PSoC Creator\E-Lagori PSoC 11th April 2023\PSoC CapSense_HexTouch.cydsn" />
      </Folder>
      <Folder BuildType="EXCLUDE" Path=".\CortexM4">
        <Files Root="C:\Users\Prajwal Trachealth\Documents\PSoC Creator\E-Lagori PSoC 11th April 2023\PSoC CapSense_HexTouch.cydsn" />
      </Folder>
      <Folder BuildType="EXCLUDE" Path=".\CortexM7">
        <Files Root="C:\Users\Prajwal Trachealth\Documents\PSoC Creator\E-Lagori PSoC 11th April 2023\PSoC CapSense_HexTouch.cydsn" />
      </Folder>
    </Folders>
  </Project>
</PSoCCreatorIdeExport>